{"cameraMode":{"drawMode":0,"name":"Shaded","section":"Shading Mode"},"sceneLighting":true,"audioPlay":false,"sceneViewState":{"showFog":false,"showMaterialUpdate":false,"showSkybox":false,"showFlares":false,"showImageEffects":false,"showParticleSystems":false},"in2DMode":false,"pivot":{"x":382.29998779296877,"y":132.79664611816407,"z":1.8299999237060547},"rotation":{"x":-0.3186508119106293,"y":0.004831456113606691,"z":-0.0016242763958871365,"w":-0.9478585124015808},"size":20.78489112854004,"orthographic":false}