{"cameraMode":{"drawMode":0,"name":"Shaded","section":"Shading Mode"},"sceneLighting":true,"audioPlay":false,"sceneViewState":{"showFog":true,"showMaterialUpdate":false,"showSkybox":true,"showFlares":true,"showImageEffects":true,"showParticleSystems":true},"in2DMode":false,"pivot":{"x":22.65799903869629,"y":76.54615020751953,"z":-8.787739753723145},"rotation":{"x":-0.4687196612358093,"y":-0.000588344584684819,"z":0.0003070930251851678,"w":-0.8833467364311218},"size":7.837682247161865,"orthographic":false}