{"cameraMode":{"drawMode":0,"name":"Shaded","section":"Shading Mode"},"sceneLighting":false,"audioPlay":false,"sceneViewState":{"showFog":true,"showMaterialUpdate":false,"showSkybox":false,"showFlares":true,"showImageEffects":true,"showParticleSystems":true},"in2DMode":false,"pivot":{"x":360.7817687988281,"y":131.8362579345703,"z":1.2895735502243043},"rotation":{"x":0.2768826484680176,"y":0.13634967803955079,"z":-0.0397251732647419,"w":0.950350821018219},"size":6.338822841644287,"orthographic":false}