{"cameraMode":{"drawMode":0,"name":"Shaded","section":"Shading Mode"},"sceneLighting":true,"audioPlay":false,"sceneViewState":{"showFog":true,"showMaterialUpdate":false,"showSkybox":true,"showFlares":true,"showImageEffects":true,"showParticleSystems":true},"in2DMode":false,"pivot":{"x":361.9382019042969,"y":134.6068115234375,"z":-0.1588788479566574},"rotation":{"x":0.13570919632911683,"y":0.07275129854679108,"z":-0.009992699138820172,"w":0.9880235195159912},"size":25.570558547973634,"orthographic":false}