{"cameraMode":{"drawMode":0,"name":"Shaded","section":"Shading Mode"},"sceneLighting":true,"audioPlay":false,"sceneViewState":{"showFog":true,"showMaterialUpdate":false,"showSkybox":true,"showFlares":true,"showImageEffects":true,"showParticleSystems":true},"in2DMode":false,"pivot":{"x":370.0587158203125,"y":131.2584228515625,"z":-9.652509689331055},"rotation":{"x":0.13570919632911683,"y":0.07275129854679108,"z":-0.009992699138820172,"w":0.9880235195159912},"size":22.0,"orthographic":false}